{
  "mode": "semantic",
  "silhouette_score": 0.6381613612174988,
  "davies_bouldin_index": 0.5503054503791379,
  "calinski_harabasz_score": 5400.760991884609,
  "homogeneity_score": 0.9347719517810921,
  "completeness_score": 0.950528348124948,
  "v_measure_score": 0.9425843079156118,
  "avg_cluster_tightness": 0.25066153720649503,
  "cluster_tightness": {
    "31": 0.09898214629202177,
    "49": 0.17163982679342699,
    "17": 0.10590912046886626,
    "39": 0.2947036579091062,
    "53": 0.08751090055976818,
    "37": 0.3309831684138499,
    "63": 0.21830673217773439,
    "20": 0.17390206874102013,
    "13": 0.03798461311003741,
    "50": 0.09784270922342936,
    "57": 0.3438611946164555,
    "44": 0.42822364869156504,
    "62": 0.40998553221623946,
    "69": 0.44222978526439644,
    "61": 0.22307864824930826,
    "58": 0.3456311503989598,
    "6": 0.6508588050416884,
    "36": 0.38370812317281644,
    "30": 0.3461703963269335,
    "21": 0.06862081346057711,
    "10": 0.18065643310546875,
    "27": 0.338173684956115,
    "54": 0.04804258743921916,
    "2": 0.12329398534631217,
    "74": 0.34952777937346813,
    "35": 0.5220107514628561,
    "1": 0.008375321115766252,
    "43": 0.3232943278987233,
    "23": 0.15267183257312308,
    "11": 0.31057089528729837,
    "24": 0.05429968359874703,
    "7": 0.14704240065354568,
    "15": 0.6377512305673927,
    "56": 0.5389844606633772,
    "42": 0.23419932830028045,
    "26": 0.28257745995743727,
    "28": 0.6118141473291229,
    "29": 0.07073626798741958,
    "12": 0.4852528804490546,
    "4": 0.1780114041841947,
    "52": 0.2966799736022949,
    "40": 0.2205559463097305,
    "33": 0.16040517769607843,
    "55": 0.2530262935613726,
    "19": 0.12199054571507156,
    "9": 0.08550945477994534,
    "41": 0.2051574646719831,
    "25": 0.1259134937735165,
    "14": 0.13853866413075436,
    "45": 0.17487486557439272,
    "34": 0.22541940340431788,
    "0": 0.030771509806315104,
    "70": 0.30861528404863364,
    "46": 0.07235283091448355,
    "32": 0.11228320598602295,
    "18": 0.14338885981862137,
    "67": 0.21547068178264145,
    "51": 0.4741812056853992,
    "8": 0.03880578980726354,
    "5": 0.18639509896819187,
    "16": 0.2708428361154244,
    "48": 0.31450202399310595,
    "66": 0.22392472766694568,
    "75": 0.13395075741492712,
    "59": 0.32045773275537426,
    "3": 0.01664479891459147,
    "38": 0.31056760336465883,
    "22": 0.1540828172297899,
    "60": 0.3498920778028008,
    "65": 0.16185552423650568,
    "78": 0.34800861065204325,
    "47": 0.15625676864232774,
    "91": 0.1700445351480436,
    "79": 0.4274484572872039,
    "68": 0.5170654111075438,
    "90": 0.17795024240160298,
    "87": 0.2328927689704342,
    "72": 0.16332765059037643,
    "84": 0.26841200443736296,
    "82": 0.051064854576474146,
    "71": 0.6165091843693464,
    "93": 0.29430406358506944,
    "89": 0.3702588699372412,
    "102": 0.27686321924603174,
    "80": 0.38940441749783844,
    "73": 0.2549348457780465,
    "64": 0.4790090762867647,
    "83": 0.08717247291847512,
    "88": 0.17292434867771192,
    "101": 0.0429281751314799,
    "103": 0.2460556837616774,
    "98": 0.3281560086655891,
    "94": 0.12130393233953737,
    "97": 0.17098627592387952,
    "92": 0.18424190398185483,
    "77": 0.33392102790601325,
    "95": 0.23650588470251382,
    "81": 0.29357746083249325,
    "100": 0.4575761305877664,
    "99": 0.2533638489070197,
    "76": 0.1850322425788176,
    "104": 0.2864065528812265,
    "86": 0.36483064809239896,
    "96": 0.30947195634543045,
    "85": 0.34677531902606673
  },
  "n_clusters": 105,
  "n_noise": 824,
  "n_clustered": 4176
}