{
  "mode": "semantic",
  "silhouette_score": 0.6450499892234802,
  "davies_bouldin_index": 0.5174862335310594,
  "calinski_harabasz_score": 4984.6454618920125,
  "homogeneity_score": 0.9285005619823335,
  "completeness_score": 0.9548523517831091,
  "v_measure_score": 0.941492100350117,
  "avg_cluster_tightness": 0.2213431100733894,
  "cluster_tightness": {
    "0": 0.02070622762044271,
    "1": 0.0003851896950176784,
    "2": 0.1699036154046241,
    "3": 0.6643389429350663,
    "4": 0.03598556970890331,
    "5": 0.1297435666539986,
    "6": 0.19272803673377403,
    "7": 0.44419090193931504,
    "8": 0.009440060924081242,
    "9": 0.10169907493152838,
    "10": 0.06336583296457926,
    "11": 0.09684183029901414,
    "12": 0.23304487961989181,
    "13": 0.15304547823392428,
    "14": 0.24603681893184268,
    "15": 0.042387235732305614,
    "16": 0.105086669921875,
    "17": 0.48016090539764633,
    "18": 0.27688084070831237,
    "19": 0.19509332118890224,
    "20": 0.1153855882249437,
    "21": 0.17582222267433448,
    "22": 0.06742951465628998,
    "23": 0.04416166606702303,
    "24": 0.20503033748289354,
    "25": 0.37375313895089285,
    "26": 0.19109495834783022,
    "27": 0.038918794904436387,
    "28": 0.1756253923688616,
    "29": 0.0698976993560791,
    "30": 0.5166026432029678,
    "31": 0.36243333082932694,
    "32": 0.16495663186778192,
    "33": 0.23836582728794642,
    "34": 0.04831523053786334,
    "35": 0.2279234568277995,
    "36": 0.11322355270385742,
    "37": 0.30910990788386417,
    "38": 0.3957120205493683,
    "39": 0.3049888768450953,
    "40": 0.46715447841546476,
    "41": 0.061020333426339286,
    "42": 0.10333944403606912,
    "43": 0.14853829277886285,
    "44": 0.06848931085495721,
    "45": 0.1057444923802426,
    "46": 0.338168837148932,
    "47": 0.43203414113898025,
    "48": 0.30936454685255027,
    "49": 0.18520508035581712,
    "50": 0.2520419612075343,
    "51": 0.26746989405432414,
    "52": 0.018109124898910523,
    "53": 0.06665344389059798,
    "54": 0.19503959568067528,
    "55": 0.07782916018837377,
    "56": 0.19359197114643298,
    "57": 0.21739190549266582,
    "58": 0.2650071288792134,
    "59": 0.07459490439471077,
    "60": 0.12899268882862036,
    "61": 0.08636614481608072,
    "62": 0.3072830362522856,
    "63": 0.3220169558162578,
    "64": 0.3691116405630288,
    "65": 0.18060696919759114,
    "66": 0.24170684814453125,
    "67": 0.19219015212286086,
    "68": 0.13259047237947025,
    "69": 0.16851643263691604,
    "70": 0.3823598660634793,
    "71": 0.4050851650338955,
    "72": 0.782084831807614,
    "73": 0.2782828144643499,
    "74": 0.16215687801963405,
    "75": 0.14300284591375612,
    "76": 0.19601527881245367,
    "77": 0.12959665410658894,
    "78": 0.3766578973508349,
    "79": 0.20867570575914884,
    "80": 0.23026954249331827,
    "81": 0.21696343360009132,
    "82": 0.04033201582291547,
    "83": 0.22106149526742788,
    "84": 0.3173185482848507,
    "85": 0.2914894505550987,
    "86": 0.16334707270223628,
    "87": 0.32881048953894415,
    "88": 0.33998696463448663,
    "89": 0.4661199176122272,
    "90": 0.24527813139415922,
    "91": 0.2262031142188613,
    "92": 0.6878843242619314,
    "93": 0.38974172359079173,
    "94": 0.44656452055900325,
    "95": 0.11859043857507538,
    "96": 0.2299951665541705,
    "97": 0.16795708151424632,
    "98": 0.23585586330489894,
    "99": 0.13925148010253907,
    "100": 0.15107390459846048,
    "101": 0.18189183354893804,
    "102": 0.23304363964049796,
    "103": 0.2543378044577206,
    "104": 0.3336603229271112,
    "105": 0.09845378975463069,
    "106": 0.2532536097935268,
    "107": 0.11613663893479567,
    "108": 0.2756496625455472,
    "109": 0.17910935084025065,
    "110": 0.13266849517822266,
    "111": 0.25346342217985285,
    "112": 0.14943226645974553,
    "113": 0.2780159164942654
  },
  "n_clusters": 114,
  "n_noise": 913,
  "n_clustered": 4087
}