{
  "mode": "sql",
  "silhouette_score": 0.5728094577789307,
  "davies_bouldin_index": 0.4957461307660782,
  "calinski_harabasz_score": 7660.42573060687,
  "homogeneity_score": 0.9034260392040048,
  "completeness_score": 0.9350451429529232,
  "v_measure_score": 0.9189636891494078,
  "avg_cluster_tightness": 0.4182957363112769,
  "cluster_tightness": {
    "0": 0.4953414772847082,
    "1": 0.18597603959646838,
    "2": 0.35887497470513413,
    "3": 0.09072109297210094,
    "4": 0.46029915107979075,
    "5": 0.29815403899254156,
    "6": 0.10429197822520936,
    "7": 0.4289366931450076,
    "8": 0.2575836784754817,
    "9": 0.18733958289736793,
    "10": 0.8071277914526256,
    "11": 0.28830349084102747,
    "12": 0.815411944116981,
    "13": 0.26937442355685765,
    "14": 1.006058840106904,
    "15": 0.7144848820528041,
    "16": 0.36184103447094296,
    "17": 0.3250271704889113,
    "18": 0.35141352031305645,
    "19": 0.20659885071871573,
    "20": 0.8825758052445769,
    "21": 0.6303099841606327,
    "22": 0.293269529796782,
    "23": 0.3204501180937796,
    "24": 0.3176273149935153
  },
  "n_clusters": 25,
  "n_noise": 65,
  "n_clustered": 935
}