{
  "mode": "sql",
  "silhouette_score": 0.3151198625564575,
  "davies_bouldin_index": 1.081859796988699,
  "calinski_harabasz_score": 1760.2625076054492,
  "homogeneity_score": 0.9076703522872013,
  "completeness_score": 0.9166243618735611,
  "v_measure_score": 0.9121253830300673,
  "avg_cluster_tightness": 0.4359280176738877,
  "cluster_tightness": {
    "0": 0.601649938694668,
    "1": 0.31904499068791464,
    "2": 0.3554298832731427,
    "3": 0.23572775475064614,
    "4": 0.45901843159138656,
    "5": 0.22125297680235745,
    "6": 0.3715415921370419,
    "7": 0.3434333217255453,
    "8": 0.25489615683229816,
    "9": 0.3769350123801023,
    "10": 0.29702235280407346,
    "11": 0.2751899331302966,
    "12": 0.43259149930292506,
    "13": 0.4902388124797144,
    "14": 0.28527658298220976,
    "15": 0.36996132839001017,
    "16": 0.29760027834552494,
    "17": 0.4257507964000262,
    "18": 0.22803598080041274,
    "19": 0.43005269368489585,
    "20": 0.4632361320174695,
    "21": 0.2768932954764661,
    "22": 0.3996516552921456,
    "23": 0.45038248697916666,
    "24": 0.2579054954503538,
    "25": 0.29502962599817656,
    "26": 0.5084129786480248,
    "27": 0.36744046498493976,
    "28": 0.4287641774458181,
    "29": 0.31443535889818075,
    "30": 0.31860440179786753,
    "31": 0.392960979718371,
    "32": 0.4058278815210027,
    "33": 0.33830979599575817,
    "34": 0.4068598546684193,
    "35": 0.3614535631501583,
    "36": 0.47093890263484073,
    "37": 0.38506734447896557,
    "38": 0.3698416698668715,
    "39": 0.3524917140151515,
    "40": 0.30773931836325025,
    "41": 0.2595912265238789,
    "42": 0.4103821134306694,
    "43": 0.4091498256714876,
    "44": 0.3115064092043067,
    "45": 0.36525250133614184,
    "46": 0.39814520615797777,
    "47": 0.32575036529311563,
    "48": 0.4125105105732883,
    "49": 0.34893400030982485,
    "50": 0.4954719945004112,
    "51": 0.29439201907835144,
    "52": 0.3830455374553807,
    "53": 0.3820535027453139,
    "54": 0.3239738959307423,
    "55": 0.5314416866491337,
    "56": 0.3006060291704823,
    "57": 0.45469681445603577,
    "58": 0.372605194627193,
    "59": 0.5691671770746456,
    "60": 0.3836540656609016,
    "61": 0.31250660236065203,
    "62": 0.8052964362168918,
    "63": 0.40171855408468365,
    "64": 0.27257113219386314,
    "65": 0.40185562501000066,
    "66": 0.2694931092554209,
    "67": 0.38747965950447927,
    "68": 0.34013268632409255,
    "69": 0.3605228437181191,
    "70": 0.3893307042464115,
    "71": 0.397897601635763,
    "72": 0.3361592251809136,
    "73": 0.36515570746527776,
    "74": 0.31171819826977404,
    "75": 0.34028260522959186,
    "76": 0.30747300041550996,
    "77": 0.38374668972235276,
    "78": 0.3364928865693306,
    "79": 0.2128780510907616,
    "80": 0.342511976473016,
    "81": 0.36712133435235506,
    "82": 0.4838856140412896,
    "83": 0.43006912204565473,
    "84": 0.3886719790667626,
    "85": 0.46070413554544415,
    "86": 0.34276833822863384,
    "87": 0.4155724292665016,
    "88": 0.5412011932573506,
    "89": 0.5097857177953729,
    "90": 0.46953726438492066,
    "91": 0.3513314777909361,
    "92": 0.49916245327053643,
    "93": 0.30183021407002036,
    "94": 0.49178956546324637,
    "95": 0.2689723984161252,
    "96": 0.6417383343652875,
    "97": 0.41249195979191705,
    "98": 0.27287781973493014,
    "99": 0.3486217107331489,
    "100": 0.31617026840621415,
    "101": 0.3976961576021635,
    "102": 0.4662560880075998,
    "103": 0.4094064594786844,
    "104": 0.7263205962655432,
    "105": 0.3060501497095814,
    "106": 0.4809692634652225,
    "107": 0.3492003601866883,
    "108": 0.5015681185587498,
    "109": 0.32629528480040115,
    "110": 0.2148723936917489,
    "111": 0.39019312808388157,
    "112": 0.3475933336231807,
    "113": 0.6189950188123194,
    "114": 0.40730706709849684,
    "115": 0.31789950229891634,
    "116": 0.4106819093689438,
    "117": 0.4029590336963384,
    "118": 0.43914580009352994,
    "119": 0.2520165517378827,
    "120": 0.6782616986767729,
    "121": 0.4515675253216206,
    "122": 0.3857192947009226,
    "123": 0.32732247515141877,
    "124": 0.3338500895263591,
    "125": 0.28359075073915735,
    "126": 0.43722409102043674,
    "127": 0.4721589911580695,
    "128": 0.4793648838640329,
    "129": 0.3846567298375074,
    "130": 0.2892530271665154,
    "131": 0.35212411381213643,
    "132": 0.412908451140873,
    "133": 0.40009757299658993,
    "134": 0.504743655661522,
    "135": 0.5832316614720034,
    "136": 0.3508795046338848,
    "137": 0.30996872451030866,
    "138": 0.35871383268529183,
    "139": 0.6315791049055609,
    "140": 0.4112438028780321,
    "141": 0.38434213999155403,
    "142": 0.3706521426930147,
    "143": 0.37621096934666265,
    "144": 0.35314462344675585,
    "145": 0.3313688627276965,
    "146": 0.4362531995016431,
    "147": 0.24040880079393262,
    "148": 0.38509011570411394,
    "149": 0.3667239407376126,
    "150": 0.49632045200892855,
    "151": 0.3551052638462612,
    "152": 0.24959601594402223,
    "153": 0.6649034209589008,
    "154": 0.36888815303014233,
    "155": 0.36697956953898514,
    "156": 0.30817630955430325,
    "157": 0.5829830973832942,
    "158": 0.26522027667617243,
    "159": 0.4794569977011762,
    "160": 0.5265103741149237,
    "161": 0.2868455137234921,
    "162": 0.41124518269478844,
    "163": 0.3588233650958238,
    "164": 0.35762920200773923,
    "165": 0.6074339972476726,
    "166": 0.5131560374335313,
    "167": 0.34709841813077397,
    "168": 0.550493967977587,
    "169": 0.3307877056254806,
    "170": 0.504393248895202,
    "171": 0.1783365406709559,
    "172": 0.43144492667636086,
    "173": 0.5255390034801799,
    "174": 0.43742548212274773,
    "175": 0.5248499726334446,
    "176": 0.3625707373247264,
    "177": 0.48443152002974876,
    "178": 0.5235161920760573,
    "179": 0.24026920297051554,
    "180": 0.3541775433374658,
    "181": 0.5369243491364569,
    "182": 0.4679254771706587,
    "183": 0.36203967002543874,
    "184": 0.5933251125844755,
    "185": 0.339874416332724,
    "186": 0.5552173685583268,
    "187": 0.32833871163200745,
    "188": 0.44957237910368447,
    "189": 0.17716169481153612,
    "190": 0.5745225603529535,
    "191": 0.5946664312592561,
    "192": 0.3278224282902908,
    "193": 0.42538061399441995,
    "194": 0.36608495595503826,
    "195": 0.4370193829819492,
    "196": 0.3472222538964762,
    "197": 0.45326317656295917,
    "198": 0.46823895181315595,
    "199": 0.5060825015442498,
    "200": 0.4770192434477442,
    "201": 0.39457856086687854,
    "202": 0.4023125669295171,
    "203": 0.25937587040199445,
    "204": 0.5999959015952873,
    "205": 0.3433534707828444,
    "206": 0.31834020278033087,
    "207": 0.2293811493636297,
    "208": 0.6161654565672423,
    "209": 0.34012521121320316,
    "210": 0.6823531798901318,
    "211": 0.4602302539657059,
    "212": 0.3200690009294374,
    "213": 0.5726661488791422,
    "214": 0.7360812440800378,
    "215": 0.4759948474615743,
    "216": 0.3189265968932645,
    "217": 0.47956287801453107,
    "218": 0.42587805282459423,
    "219": 0.5018880660131853,
    "220": 0.5005321352500615,
    "221": 0.724559093084861,
    "222": 0.5541186206855454,
    "223": 0.25058218748503736,
    "224": 0.3493930011248488,
    "225": 0.657314769496889,
    "226": 0.4635244776963393,
    "227": 0.44551533611980954,
    "228": 0.46743308982882753,
    "229": 0.6728987891509899,
    "230": 0.34061422712815914,
    "231": 0.34528309724249373,
    "232": 0.4804193300189394,
    "233": 0.4848485650023392,
    "234": 0.4501786868730228,
    "235": 0.31229658860426684,
    "236": 0.40255106448593225,
    "237": 0.42022298177083334,
    "238": 0.6692677578275199,
    "239": 0.3087715403090298,
    "240": 0.35306291181217603,
    "241": 0.7573712899081769,
    "242": 0.7462351904224596,
    "243": 0.3202261025729402,
    "244": 0.6091353649229515,
    "245": 0.42685736107890127,
    "246": 0.21006628108929984,