{
  "mode": "sql",
  "silhouette_score": 0.6311271786689758,
  "davies_bouldin_index": 0.4774992020064284,
  "calinski_harabasz_score": 21345.2447456781,
  "homogeneity_score": 0.9432181545352473,
  "completeness_score": 0.9523465113902264,
  "v_measure_score": 0.9477603535229504,
  "avg_cluster_tightness": 0.19679878316647534,
  "cluster_tightness": {
    "71": 0.06445512158131739,
    "47": 0.19042917269605053,
    "13": 0.09909559698665843,
    "42": 0.05387092771984282,
    "17": 0.30302892907873374,
    "70": 0.13074848108124315,
    "45": 0.2080349105609144,
    "15": 0.01362757908968115,
    "69": 0.2880659035564656,
    "38": 0.1295833386872944,
    "32": 0.31884773698433366,
    "14": 0.0714695488197216,
    "68": 0.10305656592051188,
    "35": 0.2119503929501488,
    "6": 0.3241375115690331,
    "46": 0.28280089331454916,
    "12": 0.059129954416514474,
    "31": 0.22172808903519825,
    "22": 0.028558667500813803,
    "64": 0.07236465726579938,
    "48": 0.18953170198382754,
    "5": 0.323165920609278,
    "8": 0.244008711635986,
    "49": 0.11593100229899088,
    "41": 0.06399762991702918,
    "9": 0.035314617362073676,
    "4": 0.20261027444750174,
    "19": 0.08061027024921617,
    "21": 0.036015962419055754,
    "74": 0.13004545731977982,
    "33": 0.061031301398026316,
    "26": 0.040430143767712166,
    "44": 0.23152850923084078,
    "27": 0.11719828066618546,
    "11": 0.29167093340393224,
    "55": 0.11433686755952381,
    "36": 0.16527053177287493,
    "20": 0.6356145013619855,
    "37": 0.15471051534016927,
    "34": 0.05738573759989021,
    "78": 0.31353806744655366,
    "66": 0.21906300334187298,
    "62": 0.13714290800548734,
    "18": 0.3570494636656746,
    "65": 0.12710904439290366,
    "53": 0.10109991887036492,
    "40": 0.10032896995544434,
    "23": 0.047786230789987665,
    "10": 0.0658984844501202,
    "81": 0.0810021752709741,
    "25": 0.2876410084992207,
    "1": 0.02335638545808338,
    "57": 0.18771424767566702,
    "80": 0.07859992542486081,
    "51": 0.07582108717698317,
    "24": 0.13584021026012943,
    "58": 0.2951790426864105,
    "67": 0.13409337543305896,
    "0": 0.21550531631860978,
    "59": 0.11105319683368389,
    "39": 0.026424207290013633,
    "29": 0.0948715591430664,
    "28": 0.4252254996883903,
    "79": 0.07195695007548612,
    "60": 0.11616792349979796,
    "54": 0.4121206165033545,
    "50": 0.10341517668193793,
    "3": 0.2614026969857218,
    "61": 0.039407957613078595,
    "7": 0.03573426196449681,
    "30": 0.03383796105018029,
    "73": 0.12048063732328869,
    "72": 0.16722177799511334,
    "43": 0.09076792399088542,
    "56": 0.08376628916750672,
    "16": 0.13540288704593165,
    "2": 2.716988376839451,
    "52": 0.20060209794477982,
    "76": 0.19158187994436054,
    "96": 0.10128701527913411,
    "84": 0.12549442492033305,
    "63": 0.11131666211659098,
    "86": 0.09150999655455222,
    "75": 0.14379957978948585,
    "77": 0.14213062468029203,
    "104": 0.06757700443267822,
    "88": 0.1838615505174659,
    "82": 0.08621955871582031,
    "106": 0.0875788840694704,
    "102": 0.29606395903087795,
    "105": 0.09040448556538501,
    "97": 0.13994327561679856,
    "89": 0.0846698237400429,
    "98": 0.4333483891238199,
    "107": 0.22848842154800622,
    "94": 0.20530583308293268,
    "91": 0.10423595905303955,
    "110": 0.33957118867063624,
    "108": 0.20347788977244544,
    "101": 0.08368183038173578,
    "111": 0.21296091976328793,
    "112": 0.08423108600434803,
    "103": 0.31892985026041665,
    "118": 0.3704886388297033,
    "119": 0.30906708009781375,
    "92": 0.07549249013264973,
    "124": 0.1456293407239412,
    "90": 0.19846367490464362,
    "121": 0.13256622314453126,
    "100": 0.06993337990581125,
    "120": 0.20037046733655428,
    "127": 0.2042112196645429,
    "126": 0.19266413840926996,
    "128": 0.16353746800640828,
    "95": 0.3116036830804287,
    "125": 0.08156533014206659,
    "133": 0.14411471182839913,
    "113": 0.1361964110172156,
    "115": 0.20482486837050495,
    "130": 0.2833698879942602,
    "85": 0.21464655949519232,
    "99": 0.32450839644628215,
    "116": 0.3174608503069196,
    "87": 0.5064189030573918,
    "117": 0.232062224185828,
    "131": 0.2566047476119354,
    "83": 0.19862689393939395,
    "123": 0.2136125235721983,
    "93": 0.17002414801181892,
    "109": 0.6345830444293946,
    "135": 0.2118815145184917,
    "114": 0.13335848294771635,
    "134": 0.2543249276968149,
    "136": 0.20680804508988576,
    "132": 0.17949655864313457,
    "122": 0.4249638591000259,
    "129": 0.40427279661472104
  },
  "n_clusters": 137,
  "n_noise": 668,
  "n_clustered": 4332
}